be ,2
ok ,1
the ,113
u ,438
s ,8
ur ,2
presidential ,1
from ,52
u ,154
k ,31
s ,6
"york, ",10
avocado ,46
fav ,52
says ,1
hillary ,1
u ,1
penchant ,1
4,1
"yah, ",1
ok ,5
think ,1
u ,42
r ,7
receives ,1
4,1
shut ,146
mlb ,1
s ,1
k ,1
j ,9
k ,2
all ,1
r ,1
him ,1
4,2
"shore, ",1
shows ,1
cuz ,1
no ,1
trump ,6
bc ,8
entering ,46
s ,1
"province, ",1
mixtape ,1
w/ ,3
let ,3
u ,9
news ,1
p ,1
is ,1
k ,6
nomination ,1
r ,2
tfw ,1
ur ,1
and ,8
u ,7
and ,8
kkk ,7
ã¢â?â¡ã¯âžâ?u ,1
s ,1
speech ,1
v ,1
bi0 ,4
trump ,84
v ,82
my ,1
save ,1
ur ,2
to ,5
"asheville, ",1
ppl ,1
w/ ,1
modern ,1
s ,1
deport ,1
up ,2
ýraqã¢â¬â¢ ,1
r ,1
remember ,1
n ,1
in ,34
n ,70
y ,34
fred ,3
c ,3
"atlanta, ",18
damage ,1
s ,1
freedom ,2
gop ,2
s ,1
ur ,6
"venice, ",1
attacking ,1
"charlottesville, ",1
waiting ,4
4,21
when ,1
n ,1
d ,11
c ,1
"tn/philadelphia, ",3
"greensboro, ",1
former ,1
s ,1
u ,4
ok ,1
hanson: ,3
p ,6
c ,3
security ,1
n ,1
finds ,1
b ,1
6,2
p ,2
as ,1
v ,2
p ,1
say ,1
u ,1
two ,1
b4 ,1
obama ,1
v ,1
tells ,4
u ,2
s ,1
k ,5
"angeles, ",12
from ,3
ne ,32
hope ,3
u ,1
like ,315
train ,2
cuz ,2
"richmond, ",4
on ,1
cambridge ,1
difference ,1
add ,1
urge ,2
u ,6
us ,1
r ,1
09/11/15,1
b/c ,7
#notfittobepotusa ,1
pls ,3
not ,2
ur ,2
leading ,6
g ,9
o ,9
p ,5
atlanta ,1
ga ,1
deeply ,1
no ,1
r ,3
v ,1
(documented) ,1
kkk ,1
millions ,1
u ,6
home ,1
4,1
shit ,1
"vegas, ",6
of ,3
tower ,1
def ,1
#dumptrump ,1
cuz ,1
think ,1
some1 ,1
only ,1
add ,4
"surrey, ",1
u ,1
u ,9
// ,1
cuz ,2
4,1
is ,5
ok ,25
guys ,1
plz ,1
did ,2
spk ,2
that ,1
hahaha ,2
trevor ,1
pls ,1
s ,1
pueblow ,2
all ,2
vote ,48
4,1
"haddonfield, ",1
e ,2
p ,1
"fayetteville, ",1
the ,17
people ,1
or ,1
ever ,1
b ,3
candidate ,1
4,1
#donaldtrump ,1
"shropshire, ",1
"bradenton, ",1
about ,3
20,3
close ,4
s ,4
"roseville, ",1
trump ,12
k ,9
ã¢â¬åwe ,2
r ,2
says ,1
n ,1
fuquay,1
u ,1
what ,34
u ,32
polls ,4
u ,13
4,14
fight ,2
u ,7
trump ,12
4,3
"boston, ",8
u ,2
as ,1
u ,8
u ,1
"raleigh, ",3
back ,1
4,4
too ,1
4,1
agree ,4
w/ ,1
ýf ,11
u ,1
they ,18
r ,2
convention ,1
u ,1
may ,5
b ,1
46' ,1
n ,1
we ,17
r ,1
"philadelphia, ",2
on ,3
ur ,1
did ,7
u ,4
before ,6
u ,2
in ,6
k ,2
speaker ,1
r ,2
"rochester, ",2
"hartford, ",1
"carleton, ",1
black ,1
n ,1
"baltimore, ",1
s ,3
need ,1
ur ,1
celebs ,1
r ,2
was ,2
ok ,1
thank ,2
u ,1
fallýng ,1
"diego, ",2
a ,2
4,1
waýt ,3
4,3
wanna ,1
f ,2
w/ ,9
uk ,3
the ,1
"detroitlicious, ",1
"albuquerque, ",1
making ,3
hay ,3
wot ,1
r ,1
"anus, ",1
n ,2
be ,1
u ,1
usa ,1
were ,1
u ,1
hr ,7
b4 ,7
"naugatuck, ",2
rn ,2
bc ,3
", ",1
ok ,1
hand ,1
ova ,1
working ,1
4,1
backfire ,1
u ,4
say ,1
ok ,2
and ,1
msm ,1
s ,23
country ,1
bc ,1
what's ,1
on ,2
u ,1
heads ,1
address ,1
"empire, ",1
yo ,1
in ,4
ur ,1
into ,1
president ,5
"acworth, ",1
"beach, ",3
don't ,2
today: ,2
ur ,5
k ,2
eaten ,22
bc ,22
capital ,1
2,2
"orleans, ",1
s ,1
k ,1
comment ,1
b/c ,1
mtg ,1
"tampa, ",3
die ,2
4,3
ur ,1
"hialeah, ",1
voting ,14
w ,4
u ,2
n ,1
fucked ,1
gope ,1
r ,2
ýnternet ,1
upstate ,1
not ,1
b ,1
prep ,1
4,1
too ,1
u ,4
"bay, ",1
in ,1
y ,1
"antonio, ",1
rightly ,1
primaries ,1
r ,2
s ,1
ban ,1
s ,1
"blacksburg, ",1
ur ,1
r ,1
pedreiras ,1
lýes ,1
u ,1
take ,1
hook ,1
n ,2
every1 ,2
the ,20
kkk ,1
kkk ,2
here ,1
ur ,1
o ,3
could ,1
c ,1
if ,14
"springs/miami, ",1
s ,16
a ,3
l ,2
a ,3
u ,1
ýdýots ,1
r ,1
"consequences, ",1
ur ,1
but ,2
u ,1
chapo ,1
v ,1
"california, ",2
trump's ,1
y ,2
c ,1
how ,3
r ,4
u ,3
to ,5
20,3
"mcdonough, ",1
r ,1
dm ,1
u ,1
ground ,1
u ,2
grandparents ,1
r ,1
u ,17
glad ,1
u ,1
pulled ,1
ur ,1
alpha ,1
"francisco, ",2
get ,1
r ,1
r ,1
"jolla, ",1
"cýrcle, ",1
c ,3
why ,1
r ,12
u ,2
will ,4
u ,1
stupid ,1
bc ,1
funny ,1
ok ,2
that's ,2
american ,1
"on, ",1
ýsl ,1
great ,3
r ,6
dem ,3
s ,10
win ,1
u ,1
people ,1
r ,1
love ,2
u ,6
kkk ,4
yourself ,4
a ,10
dem ,1
one ,1
"platform, ",1
huh ,1
thanks ,1
r ,1
kkk ,6
countries ,1
r ,4
oh ,3
ok ,1
when ,3
r ,1
k ,7
n ,16
s ,2
"speech, ",1
is ,1
u ,1
kkk ,1
"anytown, ",1
lýne ,4
ur ,4
s ,5
"zirconia, ",2
trump ,7
hard ,1
u ,1
hahaha ,1
kkk ,6
yeah ,1
meeting ,1
w/ ,1
beach ,1
about ,1
s ,1
"manistee, ",1
eff ,1
u ,1
that ,1
n ,1
dem ,1
4,1
roast ,1
4,1
"hartford, ",2
r ,1
again ,2
4,2
work ,1
"ny, ",1
them ,1
conservatism ,1
w/ ,2
picture* ,1
hahaha ,1
too ,1
protecting ,1
r ,1
js ,1
t ,1
k ,1
are ,5
u ,1
"edina, ",1
"amherst, ",1
madness ,1
r ,1
maturity ,1
n ,1
do ,15
u ,2
sorry ,1
4,1
were ,4
ok ,11
it's ,9
what ,1
da ,1
ok ,1
getting ,1
ur ,1
wins ,1
dem ,1
future: ,1
fwd ,1
for ,3
could ,3
got ,1
4,1
levin ,4
u ,4
r ,1
huh ,1
"nazareth, ",1
+ ,1
4,1
mebane ,2
go ,1
f ,1
u ,1
that ,1
r ,1
waýtýn ,1
curve ,1
prepare ,5
4,4
or ,2
dem ,2
can ,10
u ,1
programming ,1
fool ,3
"alpharetta, ",1
dogg ,1
scares ,2
k ,3
n ,1
forced ,1
ýd ,1
town ,1
s ,1
"summit, ",1
of ,9
s ,3
u ,1
"arizona, ",1
"millbrae, ",1
thank ,2
"oh/woodbridge, ",1
would ,3
u ,2
trumped ,1
cuz ,1
n ,1
ok ,2
media ,2
media ,1
bc ,1
screamed ,4
plz ,4
let ,2
s ,2
pick ,2
u ,2
along ,1
w/ ,1
"pittsburgh, ",4
that ,1
b/c ,1
higheräÿåžââ¥wýll ,2
b ,3
up ,2
ok ,4
acceptable ,1
bc ,4
life ,1
bc ,1
trump ,2
pls ,1
ok ,2
y ,2
u ,2
pls ,1
correct ,1
ur ,1
makes ,1
peeps ,1
k ,4
interest ,1
w/ ,1
k ,2
fucking ,1
chris ,1
n ,1
s ,1
"miami, ",3
thin,3
gal ,3
"release, ",1
s ,1
support ,1
u ,1
dare ,2
u ,2
hitler ,1
4,1
so ,1
y ,2
not ,7
hahaha ,1
"camden, ",1
least ,1
4,2
tx ,1
"reno, ",8
"benicia, ",1
2,3
b ,1
enter ,2
show ,1
4,1
noisy ,1
b/c ,4
pls ,1
"tuckahoe, ",1
s ,1
to ,2
ur ,1
nice ,1
huh ,1
racist ,1
kkk ,1
polls ,2
bc ,4
by ,1
ok ,1
politics ,1
up ,2
ur ,3
tonight ,1
block ,3
"trump, ",1
u ,1
"haledon, ",1
get ,1
ways ,1
wouldnt ,1
b ,1
w/ ,1
"waterville, ",1
s ,3
ne ,2
ded ,1
communist ,1
bc ,1
your ,1
msg ,1
two ,1
b ,6
s ,1
to ,3
"bucks, ",1
pc ,1
have ,3
s ,1
union ,1
that ,3
4,2
"john's, ",1
"bay, ",4
trump,1
u ,1
your ,1
4,3
"louis, ",3
his ,1
r ,1
excluded ,2
the ,2
dem ,2
joke ,1
bc ,1
s ,1
by ,4
them ,1
4,1
"bedford, ",1
decision ,1
4,1
there ,1
u ,1
"charlotte, ",3
as ,1
#muslim ,14
#terror ,14
so ,2
girl ,1
u ,1
trump ,2
y ,1
kartal ,1
da ,1
2,2
ur ,1
them ,1
pls ,2
he ,1
s ,1
trump ,1
20,1
fascist ,1
ne ,1
"fairfield, ",1
reward ,1
kkk ,1
"ýsland, ",1
being ,3
r ,4
p ,1
r ,1
s ,1
u ,1
crazy ,1
w/ ,1
ok ,1
kcmo ,1
add ,2
"ýslands, ",1
"buffalo, ",1
obvious ,1
ur ,1
"college, ",1
news ,1
bc ,4
us ,1
bc ,1
anything ,1
#cruz ,1
ova ,1
to ,1
asked ,1
4,7
first ,1
b4 ,1
are ,2
summits ,1
k ,1
deteriorate ,1
s ,1
if ,2
ur ,1
most ,1
1st ,1
u ,1
"dallas, ",1
you ,4
man ,2
4,2
responsible ,2
4,2
thanks ,2
cfr ,3
n ,3
"washington, ",1
", ",1
ýmportant ,1
u ,2
then ,2
u ,2
dem ,1
"norfolk, ",1
a ,1
s ,1
u ,2
pls ,1
for ,3
u ,1
s ,1
ok ,2
s ,2
muslým ,3
b/c ,3
"starr, ",1
r ,1
plz ,1
anything ,1
you ,1
s ,1
dem ,4
r ,2
a ,1
v ,2
y ,1
a ,1
treated ,1
w/ ,1
ok ,5
prophet ,2
4,2
asking ,6
there ,1
4,1
america ,1
no1 ,1
weirdos ,1
pull ,1
siding ,4
w/ ,4
disgusts ,1
sen ,1
k ,1
pls ,1
"kissimmee, ",1
cop ,3
u ,1
francia ,1
y ,1
do ,1
told ,1
u ,1
nt ,1
b ,1
trump ,1
cuz ,1
fix ,2
ur ,2
pay ,1
4,1
u ,1
blend ,1
ur ,1
away ,1
s ,1
surely ,1
u ,1
hillary/bernie ,1
r ,1
to ,1
ýd ,1
top ,2
dem ,2
kill ,1
"tahoe, ",1
tonight ,1
n ,1
penalty ,2
4,1
tell ,2
ur ,1
tx ,1
women ,1
candidates ,1
pls ,1
"williamston, ",1
add ,1
dealing ,1
w/ ,1
campaign ,1
4,1
of ,1
"emeryville, ",1
"methuen, ",1
1936,1
w/ ,1
unfollow ,2
u ,3
hotels ,1
r ,1
r ,2
support ,2
winning ,1
u ,2
when ,7
dem ,11
piedmont ,2
check ,1
bc ,2
entire ,1
dem ,1
b ,1
and ,1
k ,1
"jeb, ",1
like ,1
ur ,2
it ,2
20,1
new ,1
fav ,1
n ,1
not ,1
w/ ,1
"alto, ",1
outaa ,1
like ,1
ok ,1
special ,5
ýd ,5
#salmanverdict ,2
argues ,2
esp ,1
b/c ,1
crying ,1
ýs ,3
20,3
luv ,1
it ,1
u ,1
s ,1
"twp, ",1
and ,1
da ,1
da ,1
grade ,1
s ,1
teasing ,1
u ,1
to ,1
say ,4
ur ,4
u ,1
all ,1
u ,1
c ,2
out ,1
b ,4
trump ,8
s ,1
but ,4
4,3
time ,2
4,1
"bronx, ",3
r ,1
u ,1
him ,1
b4 ,1
#hardball ,2
u ,1
rated ,1
r ,1
a ,1
r ,1
in ,1
americans ,2
screwed ,1
rename ,1
ur ,1
k ,6
eagle ,1
v ,1
across ,1
n ,3
latýnos ,2
someone ,1
pls ,1
abt ,1
r ,1
r ,3
friends ,1
w/ ,1
down ,1
arkell ,1
v ,1
s ,2
crazy ,1
n ,1
racist ,1
s ,1
where ,2
u ,1
worse ,1
4,1
trump ,1
n ,1
"glendale, ",1
"portsmouth, ",15
politics ,1
w/ ,1
help ,1
2016,1
see ,6
u ,5
represent ,1
s ,1
"hokendaqua, ",1
"newcastle, ",1
"alexandria, ",2
moderates ,1
appoint ,1
4,1
disagree ,1
u ,6
penalty ,1
there ,1
n ,1
enterprise' ,2
w/ ,2
#muslimcrimes ,2
r ,2
"greenville, ",1
4,1
politically ,1
escoceses ,7
y ,7
"jacksonville, ",1
acquired ,1
add ,1
"darlington, ",1
äÿåžå¡â¶äÿåžâ?âŒ ,1
ok ,1
r ,1
file ,1
4,1
takes ,1
kelo ,1
v ,1
mos ,1
bc ,1
lol ,2
u ,5
trump ,1
ýts ,1
ok ,1
next ,2
now ,3
ur ,1
don't ,1
f ,1
r ,2
n ,1
ok ,1
by ,2
republican ,2
zuckerberg's ,6
studio86 ,1
"nanuet, ",1
state ,1
r ,1
ýn ,2
cope ,1
americans ,1
20,1
#tedcruz ,1
w/ ,1
r ,4
ã¢ââ¬ ,1
plz ,1
him ,2
bc ,3
s ,3
"beach, ",2
people ,1
w/ ,1
of ,1
4,3
should ,1
b ,1
on ,1
da ,1
v ,2
#trump ,1
s ,1
dem ,3
they'd ,1
b ,1
vote: ,1
m ,2
l ,1
20,1
protect ,1
p ,1
confused ,1
c ,2
a ,2
kkk ,2
but ,1
"woodlands, ",3
tx ,3
to ,6
add ,2
it's ,1
s ,1
u ,1
time ,1
b/c ,1
their ,1
kkk ,2
2,2
m ,2
l ,1
o ,1
n ,1
bust ,1
n ,1
s ,1
"scranton, ",1
ur ,3
kkk ,1
ways ,1
add ,1
"dt, ",1
u ,1
ur ,1
,11
s ,1
good ,1
b/c ,1
love ,1
#2016 ,5
s ,5
that ,1
or ,1
ff ,1
kkk ,1
"brooklyn, ",2
take ,2
u ,2
4,1
ppl ,2
r ,1
think ,12
b/c ,25
on ,2
dem ,2
blame ,1
u ,1
of ,1
oz ,1
when ,1
qatar ,1
chew ,1
u ,1
sad ,3
m ,3
am ,1
l ,1
ý ,1
v ,1
trump ,1
2,1
c ,1
r ,1
"btw, ",1
thx ,2
4,1
since ,1
ur ,1
sure ,2
u ,2
s ,1
president ,1
b/c ,1
lead ,1
pls ,1
b ,2
parents ,1
r ,1
"hampstead, ",1
does ,1
w/ ,1
battering ,1
pls ,1
upset ,1
many ,1
peeps ,1
"prairie, ",1
kamala ,1
v ,1
attention ,1
plz ,1
said ,2
y ,1
at ,1
ur ,1
"manchester, ",1
widow ,1
w/ ,1
these ,5
4,5
s ,1
s ,1
kisses ,1
oppose ,1
r ,1
u ,3
you ,1
p ,1
says ,1
"minneapolis, ",1
"vancouver, ",2
by ,6
20,1
l ,1
surging ,1
cuz ,1
reps ,1
r ,1
b ,1
#trump2016 ,1
taxes ,1
4,1
talks ,1
w/o ,1
grammar ,1
w/o ,1
pls ,1
fuck ,2
4,1
wins ,1
cuz ,1
r ,1
ok ,1
"rusk, ",1
tx ,1
"area, ",2
"concord, ",2
buncha ,2
ho ,2
success ,13
k ,3
for ,1
b ,1
posing ,1
argue ,1
c ,1
geek ,1
4,1
"cascavel, ",1
around ,1
4,1
u ,1
u ,2
voters ,2
r ,4
u ,1
wants ,1
n ,1
active ,1
current ,1
s ,1
hard ,2
"napa, ",1
ur ,1
that's ,1
y ,1
targets ,1
wins ,1
muslim ,1
ýd ,1
ok ,1
"weird, ",1
34689,1
buzzfeed ,1
n ,1
would ,2
by ,1
u ,1
"temperance, ",1
"liverpool, ",1
next ,1
s ,7
"detroit, ",1
s ,1
ur ,1
england ,1
wwe ,1
20,5
outsiders ,1
r ,1
alturas ,1
an ,1
l ,1
u ,8
"bethel, ",1
"orlando, ",1
mad ,1
bc ,1
just ,1
as ,1
"gainesville, ",1
to ,2
joseph ,3
"yeah, ",1
cuz ,1
going ,1
w/ ,1
is ,1
tremendous ,1
n ,1
think ,1
radio ,1
4,1
made ,1
v ,1
supporters ,1
buy ,1
amerýcans ,1
n ,1
r ,1
eagle=u ,1
"myers, ",1
atheist ,1
media ,1
was ,1
yet ,1
lývestream ,9
plz ,9
valley ,1
recent ,1
ties ,1
relevant ,1
plz ,2
another ,1
s ,2
"salisbury, ",1
funny ,3
sleep ,1
gtg ,1
s ,28
h ,1
y ,1
cruz ,2
v ,2
4,9
till ,1
u ,1
r ,1
night ,3
p ,1
"laverne, ",1
could ,1
"denver, ",1
trump ,1
fav ,1
u ,4
thr ,1
r ,1
st ,1
n ,1
uglyyy ,1
floats ,1
ur ,1
person ,1
b ,1
some ,1
worries ,1
u ,1
wýll ,1
b ,1
ýsýs ,1
n ,1
resources ,1
ur ,2
u ,1
the ,2
f ,1
mussolini ,1
y ,1
or ,1
u ,1
r ,1
"macon, ",1
bad ,1
wh ,1
like ,1
b ,1
can ,1
b ,1
like ,1
4,2
voted ,2
ur ,2
u ,2
"corona, ",1
rattle ,1
u ,1
ok ,1
times: ,1
ne ,1
me ,1
n ,1
,1
s ,1
in ,1
ne ,1
hate ,3
holy ,1
f ,2
k ,1
"windsor, ",1
constreehouse: ,2
canada ,1
having ,1
ur ,1
ok ,1
s ,1
will ,6
b ,1
s ,1
the ,3
r ,2
"chesterfield, ",1
about ,2
ur ,1
speaks ,1
u ,1
follow ,1
ok ,2
"lines, ",1
4,1
s ,1
over ,1
s ,1
things ,1
2004,1
dem ,1
angeles/d ,1
column ,1
long ,1
b4 ,1
"walhalla, ",1
rýdýculous ,1
an ,1
ok ,1
"henderson, ",1
agree ,3
work ,1
r ,1
race ,1
u ,1
4,1
"billings, ",1
that ,2
w/ ,2
he ,1
def ,1
dallas ,1
tx ,1
"also, ",1
no1 ,1
anymore ,2
ok ,1
u ,1
a ,1
p ,1
e ,1
rep ,1
bankrupted ,3
4,3
lead ,1
s ,1
win ,1
hrperot ,4
u ,4
gomez ,1
ben ,1
c ,1
the ,2
the ,1
stand ,1
dumb ,1
gtg ,1
ýt's ,1
"why, ",1
b/c ,2
ok ,1
"backwards, ",1
w ,1
c ,1
hypocrýte ,1
n ,1
fýred ,2
"louisville, ",1
c ,1
ok ,1
s ,1
1,1
dem ,1
voting ,1
r ,1
u ,4
e ,2
g ,1
sense) ,2
u ,2
peace ,1
w/ ,1
more ,1
u ,1
trump ,3
u ,1
sick ,1
n ,1
s ,1
they ,1
hv ,1
on ,1
out ,1
"nicholasville, ",1
"santa, ",2
add ,2
his ,1
fav ,1
collar ,5
dem ,5
hey ,3
u ,3
"turdville, ",1
r ,2
u ,1
wot ,1
u ,1
s ,1
4,1
"cruces, ",1
interview ,5
u ,1
u ,1
cow ,1
ur ,1
bannýng ,1
m ,1
only ,1
b ,1
ignoring ,1
r ,1
president ,1
mushriks ,1
guess ,2
on,1
ur ,1
e ,1
c ,1
problem ,1
"sarasota, ",2
u ,1
agreed ,1
an ,1
r ,1
f ,1
u ,1
writes ,1
ur ,1
4ever ,1
any ,1
dem ,1
get ,2
u ,2
u ,1
met ,1
obama ,1
plz ,1
"ýnsurgency,' ",1
kkk ,1
u ,1
ur ,1
good ,1
u ,1
they're ,1
me ,1
ur ,1
saw ,4
u ,4
and ,1
jetsetting ,1
w/ ,1
yeah ,1
ur ,1
#potcallingkettleblack ,1
msg ,1
louisiana ,1
u ,2
huh ,1
"rosa, ",1
top ,1
cuz ,1
outsmart/outwit ,1
u ,1
nylon ,1
sorry ,1
m ,1
u ,2
guy ,1
"athens, ",1
samuel ,1
l ,1
u ,2
hillary ,1
think ,1
ur ,1
"omaha, ",1
"billerica, ",1
r ,1
of ,1
dem ,1
meme ,1
da ,1
narrative ,1
w/ ,1
higher ,1
n ,1
frontrunner ,1
f ,1
are ,1
s ,1
u ,1
than ,1
"manhattan, ",1
u ,2
r ,1
u ,2
u ,1
s ,1
s ,1
absolute ,1
luv ,2
"waycross, ",1
of ,1
20,1
b ,1
4,1
today ,1
u ,1
the ,1
any ,1
send ,3
ur ,3
ambassador ,1
4,1
f*ck ,2
ýgnored ,1
is ,3
b/c ,1
s ,6
"trump, ",1
ur ,1
w/ ,1
cz ,1
s ,1
report ,1
kkk ,1
"church/mclean, ",1
exactly ,1
idea ,1
u ,1
"anaheim, ",1
by ,2
4,2
election ,1
cardi ,1
b ,1
is ,3
l ,3
kkk ,1
ur ,1
f ,1
up ,1
u ,1
top ,5
4,5
trumps ,2
ur ,2
like ,1
pls ,1
"clovis, ",1
how ,1
lmao ,1
ur ,1
fuck ,1
fallout ,1
4,1
america ,1
n ,1
could ,1
ur ,1
me ,1
u ,1
ok ,1
get ,1
4,1
*rubio ,1
r ,1
tell ,1
ok ,1
which ,1
r ,1
s ,1
"hogtowne, ",1
4,1
u ,1
r ,1
s ,1
your ,1
r ,1
ur ,1
sýde ,1
r ,1
contact ,1
"oakland, ",1
fremont ,2
it ,1
ur ,1
r ,1
trump ,2
b ,2
serýous ,1
oct ,1
n ,1
farmer ,1
w/ ,1
äÿåžââ§äÿåžâ?âœ ,1
"fountaýn, ",1
u ,1
level ,1
20,1
bless ,1
do ,1
u ,1
hating ,2
find ,1
some1 ,1
up ,2
we ,1
followers ,1
r ,1
what ,1
ur ,1
from ,1
k ,2
"supporters, ",1
r ,1
b ,1
off ,1
ur ,1
r ,1
u ,1
r ,1
done ,1
s ,1
last ,1
"ýnlet, ",1
k ,1
ýmpeach ,1
n ,1
s ,1
know ,3
r ,2
else ,1
4,3
"lie, ",1
n ,1
that ,1
looking ,6
4,6
2016,6
pls ,6
is ,1
srsly ,1
u ,1
unless ,1
ur ,1
b/c ,2
can't ,1
s ,2
run ,1
b4 ,1
u ,1
u ,2
r ,2
"manchester, ",1
statements ,1
great ,2
man ,2
b ,1
plz ,1
k ,1
w/ ,1
by ,1
ur ,1
if ,1
y ,1
u ,1
add ,2
new ,1
y ,1
ýslamã¢â¬â¢s ,1
s ,1
"respectfully, ",1
who ,1
ur ,1
soon ,1
kkk ,1
trump ,1
w/o ,1
"park, ",1
"rocklin, ",1
piece ,1
ago ,1
fence,1
him ,1
f ,1
wear ,1
ýd ,1
k ,1
kkk ,1
give ,1
y ,1
s ,1
gross ,1
runing ,1
with ,1
ur ,1
waking ,1
rather ,1
b ,1
hahaha ,1
huh ,1
b ,1
convention ,1
brilliant ,1
niece ,1
n ,1
r ,1
constitutional ,1
4,1
undisclosed ,1
4,1
reeling ,1
n ,1
4,1
nomination ,1
b ,1
r ,1
u ,307
"creek, ",1
fed,1
w/ ,1
u ,1
men ,1
"viejo, ",1
owing ,1
u ,1
"stuff, ",1
huh ,1
"trump, ",1
tx ,1
u ,1
to ,1
rt ,1
icon ,1
bc ,1
wake ,1
police ,1
4,1
put ,1
ur ,1
unidos ,1
y ,1
wise ,1
#makeamericagreatagain ,1
bc ,1
on ,1
ya ,1
"talks, ",1
20,1
r ,1
calls ,3
4,1
be ,1
ur ,1
burst ,1
ur ,1
so ,1
4,1
ballot ,1
4,2
up ,1
until ,1
them ,1
n ,1
with ,1
r ,1
clinton ,2
castilla ,1
y ,1
s ,1
feel ,1
u ,1
"guys, ",1
cuz ,1
ur ,1
the ,1
he's ,2
dem ,2
#more ,1
to ,1
of ,1
4,2
u ,1
landslide ,1
+f ,1
u ,1
flotus ,1
w/ ,1
lack,1
"tallahassee, ",1
election ,1
pls ,1
crap ,1
and ,1
"flint, ",1
ýn ,1
da ,1
who ,1
steals ,1
w/ ,1
no ,1
the ,1
p ,1
s ,1
"lovers, ",1
bc ,1
b ,2
raffle ,1
4,2
da ,1
ýd ,1
saoirse ,1
r ,1
night ,1
"benson, ",1
"ýrvine, ",1
